primary_platform,user_count,avg_usage,avg_posts,avg_engagement,pct_users
Instagram,149,77.71677852348992,3.134228187919463,20.116778523489934,29.8
YouTube,125,68.33439999999999,2.984,22.148799999999998,25.0
WhatsApp,80,74.18625,2.925,23.271250000000002,16.0
Facebook,54,68.53148148148148,2.7037037037037037,19.585185185185182,10.8
Twitter/X,39,75.34102564102565,2.7435897435897436,20.066666666666666,7.8
Snapchat,28,79.82857142857142,2.857142857142857,20.75,5.6
LinkedIn,25,72.06,3.2,22.06,5.0
